silhouette_score,davies_bouldin_index,distance_ratio
0.40226981464984274,1.064948154386141,2.3976336485660337
