{
  "seed": {
    "mean": 41.0,
    "std": 24.657656011875904
  },
  "best_val_accuracy": {
    "mean": 0.9175333094596864,
    "std": 0.002624670118968508
  },
  "test_loss": {
    "mean": 0.2633371431504687,
    "std": 0.01331877261749915
  },
  "accuracy": {
    "mean": 0.9131666429837545,
    "std": 0.0033079023946934122
  }
}