{
  "accuracy": {
    "mean": 0.859962962962963,
    "std": 0.0025809261318792036
  },
  "macro_f1": {
    "mean": 0.8597437882778459,
    "std": 0.00258819840967274
  },
  "seed": {
    "mean": 41.0,
    "std": 24.657656011875904
  },
  "support_samples_per_class": {
    "mean": 64.0,
    "std": 0.0
  },
  "prototype_classes": {
    "mean": 10.0,
    "std": 0.0
  },
  "loss": {
    "mean": 0.48192754295163615,
    "std": 0.020762504690555475
  }
}