{
  "accuracy": {
    "mean": 0.8533333333333334,
    "std": 0.0020204713625163987
  },
  "macro_f1": {
    "mean": 0.8529415751771264,
    "std": 0.0019997198211760795
  },
  "seed": {
    "mean": 41.0,
    "std": 24.657656011875904
  },
  "best_val_accuracy": {
    "mean": 0.8411111111111111,
    "std": 0.0007908946853356452
  }
}