{
  "seed": {
    "mean": 41.0,
    "std": 24.657656011875904
  },
  "best_val_accuracy": {
    "mean": 0.8789333095153173,
    "std": 0.0002494439596044949
  },
  "test_loss": {
    "mean": 0.35422270425905783,
    "std": 0.0036614909344993554
  },
  "accuracy": {
    "mean": 0.8810333088040352,
    "std": 0.004228737743563046
  }
}