{
  "accuracy": {
    "mean": 0.8124074074074074,
    "std": 0.0077482685352874186
  },
  "macro_f1": {
    "mean": 0.8125706586411111,
    "std": 0.0073631427607706605
  },
  "seed": {
    "mean": 41.0,
    "std": 24.657656011875904
  },
  "support_samples_per_class": {
    "mean": 64.0,
    "std": 0.0
  },
  "prototype_classes": {
    "mean": 10.0,
    "std": 0.0
  },
  "loss": {
    "mean": 0.647300909042147,
    "std": 0.0016825925065029473
  }
}