silhouette_score,davies_bouldin_index,distance_ratio
0.19758609039496003,1.7798577965517062,1.3728347543100778
