{
  "accuracy": 0.8736666666666667,
  "macro_f1": 0.8736670355238813
}