{
  "accuracy": 0.9374444444444444,
  "macro_f1": 0.9374514050791026
}