{
  "accuracy": 0.9312222222222222,
  "macro_f1": 0.9312396386732399
}