{
  "accuracy": 0.9394444444444444,
  "macro_f1": 0.9393741315088796
}