{
  "accuracy": 0.9276666666666666,
  "macro_f1": 0.9276873939569048
}