{
  "accuracy": 0.8313333333333334,
  "macro_f1": 0.8311923346029649
}