silhouette_score,davies_bouldin_index,distance_ratio
0.16961183558836662,1.9678915410818412,1.275758824242245
