{
  "accuracy": {
    "mean": 0.7374518518518518,
    "std": 0.0036776416371057377
  },
  "macro_f1": {
    "mean": 0.7381102494748428,
    "std": 0.003937436835089027
  },
  "seed": {
    "mean": 41.0,
    "std": 24.657656011875904
  },
  "best_val_accuracy": {
    "mean": 0.7392703703703704,
    "std": 0.003993372424357118
  }
}