{
  "accuracy": {
    "mean": 0.8893925925925926,
    "std": 0.001141305776368192
  },
  "macro_f1": {
    "mean": 0.8893121968742869,
    "std": 0.001236112407114714
  },
  "seed": {
    "mean": 41.0,
    "std": 24.657656011875904
  },
  "best_val_accuracy": {
    "mean": 0.8909666666666666,
    "std": 0.001093452266942789
  }
}