silhouette_score,davies_bouldin_index,distance_ratio
0.3898414235587971,1.163550935514955,2.3106188454253096
