silhouette_score,davies_bouldin_index,distance_ratio
0.3751645330564568,1.150817625562466,2.2729576463198433
