{
  "accuracy": 0.8731111111111111,
  "macro_f1": 0.8730276536651275
}