silhouette_score,davies_bouldin_index,distance_ratio
0.4685847140613058,0.9333460998587617,2.5124161181384537
