seed,protonet_logreg_accuracy,protonet_logreg_macro_f1
13,0.8731111111111111,0.8730276536651275
37,0.8736666666666667,0.8736670355238813
73,0.8687777777777778,0.8687968922994502
