{
  "seed": {
    "mean": 41.0,
    "std": 24.657656011875904
  },
  "protonet_logreg_accuracy": {
    "mean": 0.8718518518518518,
    "std": 0.0021854990358417758
  },
  "protonet_logreg_macro_f1": {
    "mean": 0.8718305271628196,
    "std": 0.0021609269081443827
  }
}