{
  "accuracy": {
    "mean": 0.7926666666666667,
    "std": 0.012004114520950645
  },
  "macro_f1": {
    "mean": 0.7922516744895405,
    "std": 0.011638747042704107
  },
  "seed": {
    "mean": 41.0,
    "std": 24.657656011875904
  },
  "best_val_accuracy": {
    "mean": 0.7791851851851851,
    "std": 0.009522480800902998
  }
}