seed,protonet_logreg_accuracy,protonet_logreg_macro_f1
13,0.8318888888888889,0.8317270291312235
37,0.8313333333333334,0.8311923346029649
73,0.8281111111111111,0.8281602705669963
