{
  "seed": {
    "mean": 41.0,
    "std": 24.657656011875904
  },
  "protonet_logreg_accuracy": {
    "mean": 0.8304444444444444,
    "std": 0.0016654316411790456
  },
  "protonet_logreg_macro_f1": {
    "mean": 0.830359878100395,
    "std": 0.001570600635717749
  }
}