{
  "accuracy": 0.8281111111111111,
  "macro_f1": 0.8281602705669963
}