{
  "accuracy": {
    "mean": 0.8188148148148148,
    "std": 0.0015108205966200825
  },
  "macro_f1": {
    "mean": 0.8180484096221164,
    "std": 0.0015434614554812938
  },
  "seed": {
    "mean": 41.0,
    "std": 24.657656011875904
  },
  "best_val_accuracy": {
    "mean": 0.8066666666666666,
    "std": 0.0012701057925542216
  }
}