silhouette_score,davies_bouldin_index,distance_ratio
0.47684360338834264,0.8904775692593695,2.560408908764936
