{
  "accuracy": {
    "mean": 0.8151851851851851,
    "std": 0.005563944283915223
  },
  "macro_f1": {
    "mean": 0.8148526906437042,
    "std": 0.005444250192466308
  },
  "seed": {
    "mean": 41.0,
    "std": 24.657656011875904
  },
  "best_val_accuracy": {
    "mean": 0.7991851851851853,
    "std": 0.003997255574290963
  }
}