{
  "seed": {
    "mean": 41.0,
    "std": 24.657656011875904
  },
  "train_n_way": {
    "mean": 5.0,
    "std": 0.0
  },
  "eval_n_way": {
    "mean": 10.0,
    "std": 0.0
  },
  "k_shot": {
    "mean": 5.0,
    "std": 0.0
  },
  "q_query": {
    "mean": 10.0,
    "std": 0.0
  },
  "episodes": {
    "mean": 200.0,
    "std": 0.0
  },
  "loss": {
    "mean": 0.578518890440464,
    "std": 0.020610337961002836
  },
  "accuracy": {
    "mean": 0.8197833117842674,
    "std": 0.003399102026657154
  }
}