{
  "seed": {
    "mean": 41.0,
    "std": 24.657656011875904
  },
  "best_val_accuracy": {
    "mean": 0.89126664241155,
    "std": 0.001481741495048919
  },
  "test_loss": {
    "mean": 0.3282763922587037,
    "std": 0.011398098260206916
  },
  "accuracy": {
    "mean": 0.8908666438857714,
    "std": 0.002740235277355348
  }
}