{
  "accuracy": {
    "mean": 0.8261111111111111,
    "std": 0.0032810717911629823
  },
  "macro_f1": {
    "mean": 0.8261751367995819,
    "std": 0.003189189325723836
  },
  "seed": {
    "mean": 41.0,
    "std": 24.657656011875904
  },
  "support_samples_per_class": {
    "mean": 64.0,
    "std": 0.0
  },
  "prototype_classes": {
    "mean": 10.0,
    "std": 0.0
  },
  "loss": {
    "mean": 0.5300958160812973,
    "std": 0.012133184288084607
  }
}