{
  "accuracy": 0.8687777777777778,
  "macro_f1": 0.8687968922994502
}