{
  "seed": {
    "mean": 41.0,
    "std": 24.657656011875904
  },
  "soft_voting_accuracy": {
    "mean": 0.9387777777777777,
    "std": 0.0009428090415820641
  },
  "soft_voting_macro_f1": {
    "mean": 0.9387344659240462,
    "std": 0.0009072623018326005
  },
  "stacking_accuracy": {
    "mean": 0.9305185185185185,
    "std": 0.0021010154968419004
  },
  "stacking_macro_f1": {
    "mean": 0.930513959085595,
    "std": 0.0020760380011956496
  }
}