{
  "seed": {
    "mean": 41.0,
    "std": 24.657656011875904
  },
  "train_n_way": {
    "mean": 5.0,
    "std": 0.0
  },
  "eval_n_way": {
    "mean": 10.0,
    "std": 0.0
  },
  "k_shot": {
    "mean": 5.0,
    "std": 0.0
  },
  "q_query": {
    "mean": 10.0,
    "std": 0.0
  },
  "episodes": {
    "mean": 200.0,
    "std": 0.0
  },
  "loss": {
    "mean": 0.5754542205731074,
    "std": 0.015723258539018976
  },
  "accuracy": {
    "mean": 0.8362333119908968,
    "std": 0.000816836560266151
  }
}