{
  "seed": {
    "mean": 41.0,
    "std": 24.657656011875904
  },
  "best_val_accuracy": {
    "mean": 0.9053333111604055,
    "std": 0.0011115556697539094
  },
  "test_loss": {
    "mean": 0.3225667139391104,
    "std": 0.007066243335661568
  },
  "accuracy": {
    "mean": 0.9034666431943575,
    "std": 0.0014383636383786694
  }
}