{
  "accuracy": {
    "mean": 0.8462222222222223,
    "std": 0.0008063533724843621
  },
  "macro_f1": {
    "mean": 0.8456634270246125,
    "std": 0.0006492779036454641
  },
  "seed": {
    "mean": 41.0,
    "std": 24.657656011875904
  },
  "support_samples_per_class": {
    "mean": 64.0,
    "std": 0.0
  },
  "prototype_classes": {
    "mean": 10.0,
    "std": 0.0
  },
  "loss": {
    "mean": 0.500051400463491,
    "std": 0.012408905636900683
  }
}