{
  "accuracy": {
    "mean": 0.8624444444444445,
    "std": 0.0018414522806898001
  },
  "macro_f1": {
    "mean": 0.8620578939680615,
    "std": 0.001956272289484395
  },
  "seed": {
    "mean": 41.0,
    "std": 24.657656011875904
  },
  "best_val_accuracy": {
    "mean": 0.8567407407407407,
    "std": 0.0010631629699561066
  }
}