{
  "seed": {
    "mean": 41.0,
    "std": 24.657656011875904
  },
  "train_n_way": {
    "mean": 5.0,
    "std": 0.0
  },
  "eval_n_way": {
    "mean": 10.0,
    "std": 0.0
  },
  "k_shot": {
    "mean": 5.0,
    "std": 0.0
  },
  "q_query": {
    "mean": 10.0,
    "std": 0.0
  },
  "episodes": {
    "mean": 200.0,
    "std": 0.0
  },
  "loss": {
    "mean": 0.5919415392478307,
    "std": 0.02345541684256695
  },
  "accuracy": {
    "mean": 0.8024499784906706,
    "std": 0.009015079616179946
  }
}