{
  "seed": {
    "mean": 41.0,
    "std": 24.657656011875904
  },
  "best_val_accuracy": {
    "mean": 0.8844666429360707,
    "std": 0.0056788099761400125
  },
  "test_loss": {
    "mean": 0.33429849902167913,
    "std": 0.010333516252388188
  },
  "accuracy": {
    "mean": 0.8800333098570506,
    "std": 0.0039364392069728745
  }
}