{
  "accuracy": {
    "mean": 0.8112222222222222,
    "std": 0.007704415921493224
  },
  "macro_f1": {
    "mean": 0.8106947743025875,
    "std": 0.007862067330296735
  },
  "seed": {
    "mean": 41.0,
    "std": 24.657656011875904
  },
  "support_samples_per_class": {
    "mean": 64.0,
    "std": 0.0
  },
  "prototype_classes": {
    "mean": 10.0,
    "std": 0.0
  },
  "loss": {
    "mean": 0.5615517394859388,
    "std": 0.018319235489357495
  }
}