{
  "seed": {
    "mean": 41.0,
    "std": 24.657656011875904
  },
  "best_val_accuracy": {
    "mean": 0.8801999747753143,
    "std": 0.003850540304872284
  },
  "test_loss": {
    "mean": 0.36443726194401577,
    "std": 0.012842695744182136
  },
  "accuracy": {
    "mean": 0.8730666424830754,
    "std": 0.006779545113325009
  }
}