{
  "accuracy": {
    "mean": 0.8046666666666668,
    "std": 0.007228202652129142
  },
  "macro_f1": {
    "mean": 0.8038838878273892,
    "std": 0.007888925209054235
  },
  "seed": {
    "mean": 41.0,
    "std": 24.657656011875904
  },
  "support_samples_per_class": {
    "mean": 64.0,
    "std": 0.0
  },
  "prototype_classes": {
    "mean": 10.0,
    "std": 0.0
  },
  "loss": {
    "mean": 0.5826162935782832,
    "std": 0.019684968054894305
  }
}