{
  "accuracy": {
    "mean": 0.9137185185185185,
    "std": 0.0018888090033942332
  },
  "macro_f1": {
    "mean": 0.9138337368693628,
    "std": 0.0017625273834855199
  },
  "seed": {
    "mean": 41.0,
    "std": 24.657656011875904
  },
  "best_val_accuracy": {
    "mean": 0.9141851851851852,
    "std": 0.00164915075621826
  }
}