silhouette_score,davies_bouldin_index,distance_ratio
0.4768738002617325,0.9392616232908905,2.556879317386342
