silhouette_score,davies_bouldin_index,distance_ratio
0.18714063995199273,1.8369397371441825,1.3216147983661521
