{
  "accuracy": {
    "mean": 0.8596296296296296,
    "std": 0.0007332959212304864
  },
  "macro_f1": {
    "mean": 0.8591161549548149,
    "std": 0.0007728504728371321
  },
  "seed": {
    "mean": 41.0,
    "std": 24.657656011875904
  },
  "best_val_accuracy": {
    "mean": 0.8493333333333334,
    "std": 0.0026728323781731616
  }
}