{
  "seed": {
    "mean": 41.0,
    "std": 24.657656011875904
  },
  "best_val_accuracy": {
    "mean": 0.9183333116769791,
    "std": 0.00189267749638852
  },
  "test_loss": {
    "mean": 0.33593675983448823,
    "std": 0.02304027006661848
  },
  "accuracy": {
    "mean": 0.9178999768694242,
    "std": 0.0017107503519810019
  }
}