{
  "accuracy": {
    "mean": 0.8698888888888888,
    "std": 0.002615244954653282
  },
  "macro_f1": {
    "mean": 0.8696380998072014,
    "std": 0.0027545229202197534
  },
  "seed": {
    "mean": 41.0,
    "std": 24.657656011875904
  },
  "support_samples_per_class": {
    "mean": 64.0,
    "std": 0.0
  },
  "prototype_classes": {
    "mean": 10.0,
    "std": 0.0
  },
  "loss": {
    "mean": 0.4907451346692746,
    "std": 0.029303084060113966
  }
}