{
  "accuracy": {
    "mean": 0.8336296296296295,
    "std": 0.0072969542850516884
  },
  "macro_f1": {
    "mean": 0.8324522496759793,
    "std": 0.007448894106423075
  },
  "seed": {
    "mean": 41.0,
    "std": 24.657656011875904
  },
  "best_val_accuracy": {
    "mean": 0.822962962962963,
    "std": 0.0034057967207622797
  }
}