silhouette_score,davies_bouldin_index,distance_ratio
0.34500270296884905,1.1724710703805434,2.2402697676593917
