{
  "accuracy": {
    "mean": 0.827851851851852,
    "std": 0.001287270162739488
  },
  "macro_f1": {
    "mean": 0.8278692552057404,
    "std": 0.0011517882305902762
  },
  "seed": {
    "mean": 41.0,
    "std": 24.657656011875904
  },
  "best_val_accuracy": {
    "mean": 0.8184444444444443,
    "std": 0.004121608220220306
  }
}