silhouette_score,davies_bouldin_index,distance_ratio
0.31602194067610345,1.2528661310233629,2.1161913278622078
