{
  "seed": {
    "mean": 41.0,
    "std": 24.657656011875904
  },
  "train_silhouette_score": {
    "mean": 0.18477952480316162,
    "std": 0.011541838660969396
  },
  "train_davies_bouldin_index": {
    "mean": 1.8615630320460752,
    "std": 0.07871426428843524
  },
  "train_distance_ratio": {
    "mean": 1.3234026829401653,
    "std": 0.03965134661679983
  },
  "train_samples": {
    "mean": 1000.0,
    "std": 0.0
  },
  "test_silhouette_score": {
    "mean": 0.11749252428611119,
    "std": 0.012576690872175486
  },
  "test_davies_bouldin_index": {
    "mean": 2.4610153851303664,
    "std": 0.1300305626407944
  },
  "test_distance_ratio": {
    "mean": 1.1247150500615437,
    "std": 0.048766641076339066
  },
  "test_samples": {
    "mean": 1000.0,
    "std": 0.0
  }
}