{
  "accuracy": 0.8318888888888889,
  "macro_f1": 0.8317270291312235
}