{
  "seed": {
    "mean": 41.0,
    "std": 24.657656011875904
  },
  "train_n_way": {
    "mean": 5.0,
    "std": 0.0
  },
  "eval_n_way": {
    "mean": 10.0,
    "std": 0.0
  },
  "k_shot": {
    "mean": 5.0,
    "std": 0.0
  },
  "q_query": {
    "mean": 10.0,
    "std": 0.0
  },
  "episodes": {
    "mean": 200.0,
    "std": 0.0
  },
  "loss": {
    "mean": 0.486671038903296,
    "std": 0.004919303506914785
  },
  "accuracy": {
    "mean": 0.8597833118836085,
    "std": 0.0025762793786963793
  }
}