{
  "seed": {
    "mean": 41.0,
    "std": 24.657656011875904
  },
  "best_val_accuracy": {
    "mean": 0.9156666423877079,
    "std": 0.003724991848316047
  },
  "test_loss": {
    "mean": 0.26702118664048613,
    "std": 0.004998093309807106
  },
  "accuracy": {
    "mean": 0.9173333104451498,
    "std": 0.0008653848301900428
  }
}