{
  "accuracy": {
    "mean": 0.8641851851851853,
    "std": 0.003629251681002645
  },
  "macro_f1": {
    "mean": 0.8639246558033721,
    "std": 0.003560329915238172
  },
  "seed": {
    "mean": 41.0,
    "std": 24.657656011875904
  },
  "support_samples_per_class": {
    "mean": 64.0,
    "std": 0.0
  },
  "prototype_classes": {
    "mean": 10.0,
    "std": 0.0
  },
  "loss": {
    "mean": 0.5269556724222544,
    "std": 0.011295024336003346
  }
}