{
  "accuracy": 0.9326666666666666,
  "macro_f1": 0.9326148446266403
}