silhouette_score,davies_bouldin_index,distance_ratio
0.337402443091906,1.2035553381317352,2.2915994734809444
